{
  "duration_sec": 60.0,
  "interval_sec": 1.0,
  "dt_stats": {
    "count": 60,
    "avg_sec": 1.0004325366667521,
    "min_sec": 1.000179400005436,
    "max_sec": 1.0007990999947651,
    "p50_sec": 1.0004297999985283,
    "p90_sec": 1.0006430000066757,
    "p99_sec": 1.00069639999856
  }
}